case_id,case_name,incident_pattern,telemetry_input,expected_decision,expected_diagnosis,notes
001,VM Stopped by User,vm_stopped_by_user,"{""power_state"": ""Stopped"", ""provisioning_state"": ""Succeeded"", ""resource_health_status"": ""Available"", ""resource_health_annotation"": null, ""heartbeat_present"": true, ""heartbeat_last_received"": ""2024-01-15T10:30:00Z"", ""boot_diagnostics_status"": ""Normal"", ""boot_diagnostics_error"": null, ""azure_vm_agent_status"": ""Healthy"", ""cpu_percent"": 35.0, ""memory_percent"": 42.0, ""memory_available_mb"": 3200.0, ""os_disk_latency_ms"": 8.5, ""data_disk_latency_ms"": 6.2, ""os_disk_percent_full"": 45.0, ""app_health_status"": ""Healthy"", ""app_error_message"": null, ""nsg_allow_rdp_3389"": true, ""nsg_allow_ssh_22"": true, ""connection_troubleshoot_rdp"": ""Allow"", ""connection_troubleshoot_ssh"": ""Allow"", ""connection_troubleshoot_verdict"": ""Reachable"", ""monitor_agent_status"": ""Healthy"", ""ssl_cert_days_remaining"": 90, ""last_backup_status"": ""Completed"", ""last_backup_time"": ""2024-01-15T02:00:00Z"", ""data_completeness_percent"": 96.7, ""missing_signals"": []}",diagnose,VM Stopped by user deallocation,Clean stop with successful provisioning
002,NSG Blocks RDP,nsg_blocks_rdp,"{""power_state"": ""Running"", ""provisioning_state"": ""Succeeded"", ""resource_health_status"": ""Available"", ""resource_health_annotation"": null, ""heartbeat_present"": true, ""heartbeat_last_received"": ""2024-01-15T10:30:00Z"", ""boot_diagnostics_status"": ""Normal"", ""boot_diagnostics_error"": null, ""azure_vm_agent_status"": ""Healthy"", ""cpu_percent"": 35.0, ""memory_percent"": 42.0, ""memory_available_mb"": 3200.0, ""os_disk_latency_ms"": 8.5, ""data_disk_latency_ms"": 6.2, ""os_disk_percent_full"": 45.0, ""app_health_status"": ""Healthy"", ""app_error_message"": null, ""nsg_allow_rdp_3389"": false, ""nsg_allow_ssh_22"": true, ""connection_troubleshoot_rdp"": ""Deny"", ""connection_troubleshoot_ssh"": ""Allow"", ""connection_troubleshoot_verdict"": ""Reachable"", ""monitor_agent_status"": ""Healthy"", ""ssl_cert_days_remaining"": 90, ""last_backup_status"": ""Completed"", ""last_backup_time"": ""2024-01-15T02:00:00Z"", ""data_completeness_percent"": 96.7, ""missing_signals"": []}",diagnose,NSG blocks RDP,Network security group denies RDP access
003,NSG Blocks SSH,nsg_blocks_ssh,"{""power_state"": ""Running"", ""provisioning_state"": ""Succeeded"", ""resource_health_status"": ""Available"", ""resource_health_annotation"": null, ""heartbeat_present"": true, ""heartbeat_last_received"": ""2024-01-15T10:30:00Z"", ""boot_diagnostics_status"": ""Normal"", ""boot_diagnostics_error"": null, ""azure_vm_agent_status"": ""Healthy"", ""cpu_percent"": 35.0, ""memory_percent"": 42.0, ""memory_available_mb"": 3200.0, ""os_disk_latency_ms"": 8.5, ""data_disk_latency_ms"": 6.2, ""os_disk_percent_full"": 45.0, ""app_health_status"": ""Healthy"", ""app_error_message"": null, ""nsg_allow_rdp_3389"": true, ""nsg_allow_ssh_22"": false, ""connection_troubleshoot_rdp"": ""Allow"", ""connection_troubleshoot_ssh"": ""Deny"", ""connection_troubleshoot_verdict"": ""Reachable"", ""monitor_agent_status"": ""Healthy"", ""ssl_cert_days_remaining"": 90, ""last_backup_status"": ""Completed"", ""last_backup_time"": ""2024-01-15T02:00:00Z"", ""data_completeness_percent"": 96.7, ""missing_signals"": []}",diagnose,NSG blocks SSH,Network security group denies SSH access
004,High CPU Saturation,high_cpu,"{""power_state"": ""Running"", ""provisioning_state"": ""Succeeded"", ""resource_health_status"": ""Degraded"", ""resource_health_annotation"": null, ""heartbeat_present"": true, ""heartbeat_last_received"": ""2024-01-15T10:30:00Z"", ""boot_diagnostics_status"": ""Normal"", ""boot_diagnostics_error"": null, ""azure_vm_agent_status"": ""Healthy"", ""cpu_percent"": 98.5, ""memory_percent"": 42.0, ""memory_available_mb"": 3200.0, ""os_disk_latency_ms"": 8.5, ""data_disk_latency_ms"": 6.2, ""os_disk_percent_full"": 45.0, ""app_health_status"": ""Healthy"", ""app_error_message"": null, ""nsg_allow_rdp_3389"": true, ""nsg_allow_ssh_22"": true, ""connection_troubleshoot_rdp"": ""Allow"", ""connection_troubleshoot_ssh"": ""Allow"", ""connection_troubleshoot_verdict"": ""Reachable"", ""monitor_agent_status"": ""Healthy"", ""ssl_cert_days_remaining"": 90, ""last_backup_status"": ""Completed"", ""last_backup_time"": ""2024-01-15T02:00:00Z"", ""data_completeness_percent"": 96.7, ""missing_signals"": []}",diagnose,High CPU saturation,"CPU at 98.5%, memory normal"
005,OS Disk Full,os_disk_full,"{""power_state"": ""Running"", ""provisioning_state"": ""Succeeded"", ""resource_health_status"": ""Degraded"", ""resource_health_annotation"": null, ""heartbeat_present"": true, ""heartbeat_last_received"": ""2024-01-15T10:30:00Z"", ""boot_diagnostics_status"": ""Normal"", ""boot_diagnostics_error"": null, ""azure_vm_agent_status"": ""Healthy"", ""cpu_percent"": 35.0, ""memory_percent"": 42.0, ""memory_available_mb"": 3200.0, ""os_disk_latency_ms"": 8.5, ""data_disk_latency_ms"": 6.2, ""os_disk_percent_full"": 97.0, ""app_health_status"": ""Healthy"", ""app_error_message"": null, ""nsg_allow_rdp_3389"": true, ""nsg_allow_ssh_22"": true, ""connection_troubleshoot_rdp"": ""Allow"", ""connection_troubleshoot_ssh"": ""Allow"", ""connection_troubleshoot_verdict"": ""Reachable"", ""monitor_agent_status"": ""Healthy"", ""ssl_cert_days_remaining"": 90, ""last_backup_status"": ""Completed"", ""last_backup_time"": ""2024-01-15T02:00:00Z"", ""data_completeness_percent"": 96.7, ""missing_signals"": []}",diagnose,OS disk full,OS disk at 97% capacity
006,Memory Exhaustion,memory_exhaustion,"{""power_state"": ""Running"", ""provisioning_state"": ""Succeeded"", ""resource_health_status"": ""Degraded"", ""resource_health_annotation"": null, ""heartbeat_present"": true, ""heartbeat_last_received"": ""2024-01-15T10:30:00Z"", ""boot_diagnostics_status"": ""Normal"", ""boot_diagnostics_error"": null, ""azure_vm_agent_status"": ""Healthy"", ""cpu_percent"": 35.0, ""memory_percent"": 98.0, ""memory_available_mb"": 100.0, ""os_disk_latency_ms"": 8.5, ""data_disk_latency_ms"": 6.2, ""os_disk_percent_full"": 45.0, ""app_health_status"": ""Healthy"", ""app_error_message"": null, ""nsg_allow_rdp_3389"": true, ""nsg_allow_ssh_22"": true, ""connection_troubleshoot_rdp"": ""Allow"", ""connection_troubleshoot_ssh"": ""Allow"", ""connection_troubleshoot_verdict"": ""Reachable"", ""monitor_agent_status"": ""Healthy"", ""ssl_cert_days_remaining"": 90, ""last_backup_status"": ""Completed"", ""last_backup_time"": ""2024-01-15T02:00:00Z"", ""data_completeness_percent"": 96.7, ""missing_signals"": []}",diagnose,Memory exhaustion,Memory at 98% utilization
007,Boot BSOD,boot_bsod,"{""power_state"": ""Running"", ""provisioning_state"": ""Succeeded"", ""resource_health_status"": ""Unavailable"", ""resource_health_annotation"": null, ""heartbeat_present"": true, ""heartbeat_last_received"": ""2024-01-15T10:30:00Z"", ""boot_diagnostics_status"": ""BSOD"", ""boot_diagnostics_error"": ""CRITICAL_PROCESS_DIED"", ""azure_vm_agent_status"": ""Healthy"", ""cpu_percent"": 35.0, ""memory_percent"": 42.0, ""memory_available_mb"": 3200.0, ""os_disk_latency_ms"": 8.5, ""data_disk_latency_ms"": 6.2, ""os_disk_percent_full"": 45.0, ""app_health_status"": ""Healthy"", ""app_error_message"": null, ""nsg_allow_rdp_3389"": true, ""nsg_allow_ssh_22"": true, ""connection_troubleshoot_rdp"": ""Allow"", ""connection_troubleshoot_ssh"": ""Allow"", ""connection_troubleshoot_verdict"": ""Reachable"", ""monitor_agent_status"": ""Healthy"", ""ssl_cert_days_remaining"": 90, ""last_backup_status"": ""Completed"", ""last_backup_time"": ""2024-01-15T02:00:00Z"", ""data_completeness_percent"": 96.7, ""missing_signals"": []}",diagnose,Boot BSOD,Blue screen of death detected
008,Boot Kernel Panic,boot_kernel_panic,"{""power_state"": ""Running"", ""provisioning_state"": ""Succeeded"", ""resource_health_status"": ""Unavailable"", ""resource_health_annotation"": null, ""heartbeat_present"": true, ""heartbeat_last_received"": ""2024-01-15T10:30:00Z"", ""boot_diagnostics_status"": ""KernelPanic"", ""boot_diagnostics_error"": ""Kernel panic - not syncing"", ""azure_vm_agent_status"": ""Healthy"", ""cpu_percent"": 35.0, ""memory_percent"": 42.0, ""memory_available_mb"": 3200.0, ""os_disk_latency_ms"": 8.5, ""data_disk_latency_ms"": 6.2, ""os_disk_percent_full"": 45.0, ""app_health_status"": ""Healthy"", ""app_error_message"": null, ""nsg_allow_rdp_3389"": true, ""nsg_allow_ssh_22"": true, ""connection_troubleshoot_rdp"": ""Allow"", ""connection_troubleshoot_ssh"": ""Allow"", ""connection_troubleshoot_verdict"": ""Reachable"", ""monitor_agent_status"": ""Healthy"", ""ssl_cert_days_remaining"": 90, ""last_backup_status"": ""Completed"", ""last_backup_time"": ""2024-01-15T02:00:00Z"", ""data_completeness_percent"": 96.7, ""missing_signals"": []}",diagnose,Boot kernel panic,Linux kernel panic detected
009,VM Running No Heartbeat,vm_running_no_heartbeat,"{""power_state"": ""Running"", ""provisioning_state"": ""Succeeded"", ""resource_health_status"": ""Degraded"", ""resource_health_annotation"": null, ""heartbeat_present"": false, ""heartbeat_last_received"": ""2024-01-15T10:30:00Z"", ""boot_diagnostics_status"": ""Normal"", ""boot_diagnostics_error"": null, ""azure_vm_agent_status"": ""NotReporting"", ""cpu_percent"": 35.0, ""memory_percent"": 42.0, ""memory_available_mb"": 3200.0, ""os_disk_latency_ms"": 8.5, ""data_disk_latency_ms"": 6.2, ""os_disk_percent_full"": 45.0, ""app_health_status"": ""Healthy"", ""app_error_message"": null, ""nsg_allow_rdp_3389"": true, ""nsg_allow_ssh_22"": true, ""connection_troubleshoot_rdp"": ""Allow"", ""connection_troubleshoot_ssh"": ""Allow"", ""connection_troubleshoot_verdict"": ""Reachable"", ""monitor_agent_status"": ""Healthy"", ""ssl_cert_days_remaining"": 90, ""last_backup_status"": ""Completed"", ""last_backup_time"": ""2024-01-15T02:00:00Z"", ""data_completeness_percent"": 96.7, ""missing_signals"": []}",diagnose_low_confidence,VM running but no heartbeat,VM agent not reporting
010,Resource Health Unavailable,resource_health_unavailable,"{""power_state"": ""Running"", ""provisioning_state"": ""Succeeded"", ""resource_health_status"": ""Unavailable"", ""resource_health_annotation"": null, ""heartbeat_present"": true, ""heartbeat_last_received"": ""2024-01-15T10:30:00Z"", ""boot_diagnostics_status"": ""Normal"", ""boot_diagnostics_error"": null, ""azure_vm_agent_status"": ""Healthy"", ""cpu_percent"": 35.0, ""memory_percent"": 42.0, ""memory_available_mb"": 3200.0, ""os_disk_latency_ms"": 8.5, ""data_disk_latency_ms"": 6.2, ""os_disk_percent_full"": 45.0, ""app_health_status"": ""Healthy"", ""app_error_message"": null, ""nsg_allow_rdp_3389"": true, ""nsg_allow_ssh_22"": true, ""connection_troubleshoot_rdp"": ""Allow"", ""connection_troubleshoot_ssh"": ""Allow"", ""connection_troubleshoot_verdict"": ""Reachable"", ""monitor_agent_status"": ""Healthy"", ""ssl_cert_days_remaining"": 90, ""last_backup_status"": ""Completed"", ""last_backup_time"": ""2024-01-15T02:00:00Z"", ""data_completeness_percent"": 96.7, ""missing_signals"": []}",diagnose_low_confidence,Resource health unavailable with normal metrics,Health unavailable but metrics normal
011,Conflicting NSG Signals,conflicting_nsg_signals,"{""power_state"": ""Running"", ""provisioning_state"": ""Succeeded"", ""resource_health_status"": ""Available"", ""resource_health_annotation"": null, ""heartbeat_present"": true, ""heartbeat_last_received"": ""2024-01-15T10:30:00Z"", ""boot_diagnostics_status"": ""Normal"", ""boot_diagnostics_error"": null, ""azure_vm_agent_status"": ""Healthy"", ""cpu_percent"": 35.0, ""memory_percent"": 42.0, ""memory_available_mb"": 3200.0, ""os_disk_latency_ms"": 8.5, ""data_disk_latency_ms"": 6.2, ""os_disk_percent_full"": 45.0, ""app_health_status"": ""Healthy"", ""app_error_message"": null, ""nsg_allow_rdp_3389"": false, ""nsg_allow_ssh_22"": true, ""connection_troubleshoot_rdp"": ""Allow"", ""connection_troubleshoot_ssh"": ""Allow"", ""connection_troubleshoot_verdict"": ""Reachable"", ""monitor_agent_status"": ""Healthy"", ""ssl_cert_days_remaining"": 90, ""last_backup_status"": ""Completed"", ""last_backup_time"": ""2024-01-15T02:00:00Z"", ""data_completeness_percent"": 96.7, ""missing_signals"": []}",diagnose_low_confidence,Conflicting NSG and connection troubleshoot signals,NSG denies but troubleshoot allows
012,App Unhealthy VM Healthy,app_unhealthy_vm_healthy,"{""power_state"": ""Running"", ""provisioning_state"": ""Succeeded"", ""resource_health_status"": ""Available"", ""resource_health_annotation"": null, ""heartbeat_present"": true, ""heartbeat_last_received"": ""2024-01-15T10:30:00Z"", ""boot_diagnostics_status"": ""Normal"", ""boot_diagnostics_error"": null, ""azure_vm_agent_status"": ""Healthy"", ""cpu_percent"": 35.0, ""memory_percent"": 42.0, ""memory_available_mb"": 3200.0, ""os_disk_latency_ms"": 8.5, ""data_disk_latency_ms"": 6.2, ""os_disk_percent_full"": 45.0, ""app_health_status"": ""Unhealthy"", ""app_error_message"": ""Service unavailable"", ""nsg_allow_rdp_3389"": true, ""nsg_allow_ssh_22"": true, ""connection_troubleshoot_rdp"": ""Allow"", ""connection_troubleshoot_ssh"": ""Allow"", ""connection_troubleshoot_verdict"": ""Reachable"", ""monitor_agent_status"": ""Healthy"", ""ssl_cert_days_remaining"": 90, ""last_backup_status"": ""Completed"", ""last_backup_time"": ""2024-01-15T02:00:00Z"", ""data_completeness_percent"": 96.7, ""missing_signals"": []}",diagnose,Application unhealthy with healthy VM,"App layer issue, VM infrastructure healthy"
013,Disk IO Saturation,disk_io_saturation,"{""power_state"": ""Running"", ""provisioning_state"": ""Succeeded"", ""resource_health_status"": ""Degraded"", ""resource_health_annotation"": null, ""heartbeat_present"": true, ""heartbeat_last_received"": ""2024-01-15T10:30:00Z"", ""boot_diagnostics_status"": ""Normal"", ""boot_diagnostics_error"": null, ""azure_vm_agent_status"": ""Healthy"", ""cpu_percent"": 35.0, ""memory_percent"": 42.0, ""memory_available_mb"": 3200.0, ""os_disk_latency_ms"": 250.0, ""data_disk_latency_ms"": 180.0, ""os_disk_percent_full"": 45.0, ""app_health_status"": ""Healthy"", ""app_error_message"": null, ""nsg_allow_rdp_3389"": true, ""nsg_allow_ssh_22"": true, ""connection_troubleshoot_rdp"": ""Allow"", ""connection_troubleshoot_ssh"": ""Allow"", ""connection_troubleshoot_verdict"": ""Reachable"", ""monitor_agent_status"": ""Healthy"", ""ssl_cert_days_remaining"": 90, ""last_backup_status"": ""Completed"", ""last_backup_time"": ""2024-01-15T02:00:00Z"", ""data_completeness_percent"": 96.7, ""missing_signals"": []}",diagnose,Disk IO saturation,High disk latency on both OS and data disks
014,VM Deallocated,vm_deallocated,"{""power_state"": ""Deallocated"", ""provisioning_state"": ""Succeeded"", ""resource_health_status"": ""Available"", ""resource_health_annotation"": null, ""heartbeat_present"": true, ""heartbeat_last_received"": ""2024-01-15T10:30:00Z"", ""boot_diagnostics_status"": ""Normal"", ""boot_diagnostics_error"": null, ""azure_vm_agent_status"": ""Healthy"", ""cpu_percent"": 35.0, ""memory_percent"": 42.0, ""memory_available_mb"": 3200.0, ""os_disk_latency_ms"": 8.5, ""data_disk_latency_ms"": 6.2, ""os_disk_percent_full"": 45.0, ""app_health_status"": ""Healthy"", ""app_error_message"": null, ""nsg_allow_rdp_3389"": true, ""nsg_allow_ssh_22"": true, ""connection_troubleshoot_rdp"": ""Allow"", ""connection_troubleshoot_ssh"": ""Allow"", ""connection_troubleshoot_verdict"": ""Reachable"", ""monitor_agent_status"": ""Healthy"", ""ssl_cert_days_remaining"": 90, ""last_backup_status"": ""Completed"", ""last_backup_time"": ""2024-01-15T02:00:00Z"", ""data_completeness_percent"": 96.7, ""missing_signals"": []}",diagnose,Deallocated VM,VM fully deallocated
015,Provisioning Failed,provisioning_failed,"{""power_state"": ""Failed"", ""provisioning_state"": ""Failed"", ""resource_health_status"": ""Unavailable"", ""resource_health_annotation"": null, ""heartbeat_present"": true, ""heartbeat_last_received"": ""2024-01-15T10:30:00Z"", ""boot_diagnostics_status"": ""Normal"", ""boot_diagnostics_error"": null, ""azure_vm_agent_status"": ""Healthy"", ""cpu_percent"": 35.0, ""memory_percent"": 42.0, ""memory_available_mb"": 3200.0, ""os_disk_latency_ms"": 8.5, ""data_disk_latency_ms"": 6.2, ""os_disk_percent_full"": 45.0, ""app_health_status"": ""Healthy"", ""app_error_message"": null, ""nsg_allow_rdp_3389"": true, ""nsg_allow_ssh_22"": true, ""connection_troubleshoot_rdp"": ""Allow"", ""connection_troubleshoot_ssh"": ""Allow"", ""connection_troubleshoot_verdict"": ""Reachable"", ""monitor_agent_status"": ""Healthy"", ""ssl_cert_days_remaining"": 90, ""last_backup_status"": ""Completed"", ""last_backup_time"": ""2024-01-15T02:00:00Z"", ""data_completeness_percent"": 96.7, ""missing_signals"": []}",diagnose_low_confidence,Provisioning failed,VM provisioning failed
016,Failed State Insufficient Data,failed_state_insufficient_data,"{""power_state"": ""Failed"", ""provisioning_state"": ""Succeeded"", ""resource_health_status"": ""Unavailable"", ""data_completeness_percent"": 10.0, ""missing_signals"": [""heartbeat_present"", ""boot_diagnostics_status"", ""azure_vm_agent_status"", ""cpu_percent"", ""memory_percent"", ""os_disk_latency_ms"", ""os_disk_percent_full"", ""app_health_status"", ""nsg_allow_rdp_3389"", ""nsg_allow_ssh_22"", ""connection_troubleshoot_rdp"", ""connection_troubleshoot_ssh"", ""monitor_agent_status"", ""memory_available_mb"", ""data_disk_latency_ms"", ""heartbeat_last_received"", ""boot_diagnostics_error"", ""app_error_message"", ""connection_troubleshoot_verdict"", ""resource_health_annotation""]}",abstain_request_next_check,Failed state with insufficient data,Very low data completeness
017,Platform Degradation,platform_degradation,"{""power_state"": ""Running"", ""provisioning_state"": ""Succeeded"", ""resource_health_status"": ""Degraded"", ""resource_health_annotation"": ""Platform maintenance in progress - host update"", ""heartbeat_present"": true, ""heartbeat_last_received"": ""2024-01-15T10:30:00Z"", ""boot_diagnostics_status"": ""Normal"", ""boot_diagnostics_error"": null, ""azure_vm_agent_status"": ""Healthy"", ""cpu_percent"": 35.0, ""memory_percent"": 42.0, ""memory_available_mb"": 3200.0, ""os_disk_latency_ms"": 8.5, ""data_disk_latency_ms"": 6.2, ""os_disk_percent_full"": 45.0, ""app_health_status"": ""Healthy"", ""app_error_message"": null, ""nsg_allow_rdp_3389"": true, ""nsg_allow_ssh_22"": true, ""connection_troubleshoot_rdp"": ""Allow"", ""connection_troubleshoot_ssh"": ""Allow"", ""connection_troubleshoot_verdict"": ""Reachable"", ""monitor_agent_status"": ""Healthy"", ""ssl_cert_days_remaining"": 90, ""last_backup_status"": ""Completed"", ""last_backup_time"": ""2024-01-15T02:00:00Z"", ""data_completeness_percent"": 96.7, ""missing_signals"": []}",abstain_request_next_check,Platform degradation event,Platform-initiated maintenance
018,Boot Stuck,boot_stuck,"{""power_state"": ""Running"", ""provisioning_state"": ""Succeeded"", ""resource_health_status"": ""Unavailable"", ""resource_health_annotation"": null, ""heartbeat_present"": true, ""heartbeat_last_received"": ""2024-01-15T10:30:00Z"", ""boot_diagnostics_status"": ""Stuck"", ""boot_diagnostics_error"": ""Boot process stuck at startup"", ""azure_vm_agent_status"": ""Healthy"", ""cpu_percent"": 35.0, ""memory_percent"": 42.0, ""memory_available_mb"": 3200.0, ""os_disk_latency_ms"": 8.5, ""data_disk_latency_ms"": 6.2, ""os_disk_percent_full"": 45.0, ""app_health_status"": ""Healthy"", ""app_error_message"": null, ""nsg_allow_rdp_3389"": true, ""nsg_allow_ssh_22"": true, ""connection_troubleshoot_rdp"": ""Allow"", ""connection_troubleshoot_ssh"": ""Allow"", ""connection_troubleshoot_verdict"": ""Reachable"", ""monitor_agent_status"": ""Healthy"", ""ssl_cert_days_remaining"": 90, ""last_backup_status"": ""Completed"", ""last_backup_time"": ""2024-01-15T02:00:00Z"", ""data_completeness_percent"": 96.7, ""missing_signals"": []}",diagnose,Boot stuck at startup,Boot process not completing
019,VM Agent Failed,vm_agent_failed,"{""power_state"": ""Running"", ""provisioning_state"": ""Succeeded"", ""resource_health_status"": ""Degraded"", ""resource_health_annotation"": null, ""heartbeat_present"": true, ""heartbeat_last_received"": ""2024-01-15T10:30:00Z"", ""boot_diagnostics_status"": ""Normal"", ""boot_diagnostics_error"": null, ""azure_vm_agent_status"": ""Failed"", ""cpu_percent"": 35.0, ""memory_percent"": 42.0, ""memory_available_mb"": 3200.0, ""os_disk_latency_ms"": 8.5, ""data_disk_latency_ms"": 6.2, ""os_disk_percent_full"": 45.0, ""app_health_status"": ""Healthy"", ""app_error_message"": null, ""nsg_allow_rdp_3389"": true, ""nsg_allow_ssh_22"": true, ""connection_troubleshoot_rdp"": ""Allow"", ""connection_troubleshoot_ssh"": ""Allow"", ""connection_troubleshoot_verdict"": ""Reachable"", ""monitor_agent_status"": ""Healthy"", ""ssl_cert_days_remaining"": 90, ""last_backup_status"": ""Completed"", ""last_backup_time"": ""2024-01-15T02:00:00Z"", ""data_completeness_percent"": 96.7, ""missing_signals"": []}",diagnose_low_confidence,Azure VM agent failure,VM agent in failed state
020,Monitor Agent Failed,monitor_agent_failed,"{""power_state"": ""Running"", ""provisioning_state"": ""Succeeded"", ""resource_health_status"": ""Available"", ""resource_health_annotation"": null, ""heartbeat_present"": true, ""heartbeat_last_received"": ""2024-01-15T10:30:00Z"", ""boot_diagnostics_status"": ""Normal"", ""boot_diagnostics_error"": null, ""azure_vm_agent_status"": ""Healthy"", ""cpu_percent"": 35.0, ""memory_percent"": 42.0, ""memory_available_mb"": 3200.0, ""os_disk_latency_ms"": 8.5, ""data_disk_latency_ms"": 6.2, ""os_disk_percent_full"": 45.0, ""app_health_status"": ""Healthy"", ""app_error_message"": null, ""nsg_allow_rdp_3389"": true, ""nsg_allow_ssh_22"": true, ""connection_troubleshoot_rdp"": ""Allow"", ""connection_troubleshoot_ssh"": ""Allow"", ""connection_troubleshoot_verdict"": ""Reachable"", ""monitor_agent_status"": ""Failed"", ""ssl_cert_days_remaining"": 90, ""last_backup_status"": ""Completed"", ""last_backup_time"": ""2024-01-15T02:00:00Z"", ""data_completeness_percent"": 96.7, ""missing_signals"": []}",diagnose_low_confidence,Monitoring agent failure,Monitor agent not functioning
021,Healthy VM - All Green,clean,"{""power_state"": ""Running"", ""provisioning_state"": ""Succeeded"", ""resource_health_status"": ""Available"", ""resource_health_annotation"": null, ""heartbeat_present"": true, ""heartbeat_last_received"": ""2024-01-15T10:30:00Z"", ""boot_diagnostics_status"": ""Normal"", ""boot_diagnostics_error"": null, ""azure_vm_agent_status"": ""Healthy"", ""cpu_percent"": 35.0, ""memory_percent"": 42.0, ""memory_available_mb"": 3200.0, ""os_disk_latency_ms"": 8.5, ""data_disk_latency_ms"": 6.2, ""os_disk_percent_full"": 45.0, ""app_health_status"": ""Healthy"", ""app_error_message"": null, ""nsg_allow_rdp_3389"": true, ""nsg_allow_ssh_22"": true, ""connection_troubleshoot_rdp"": ""Allow"", ""connection_troubleshoot_ssh"": ""Allow"", ""connection_troubleshoot_verdict"": ""Reachable"", ""monitor_agent_status"": ""Healthy"", ""ssl_cert_days_remaining"": 90, ""last_backup_status"": ""Completed"", ""last_backup_time"": ""2024-01-15T02:00:00Z"", ""data_completeness_percent"": 100.0, ""missing_signals"": []}",diagnose,VM healthy - no issues detected,All signals green
022,Healthy VM - Low Load,clean,"{""power_state"": ""Running"", ""provisioning_state"": ""Succeeded"", ""resource_health_status"": ""Available"", ""resource_health_annotation"": null, ""heartbeat_present"": true, ""heartbeat_last_received"": ""2024-01-15T10:30:00Z"", ""boot_diagnostics_status"": ""Normal"", ""boot_diagnostics_error"": null, ""azure_vm_agent_status"": ""Healthy"", ""cpu_percent"": 25.0, ""memory_percent"": 40.0, ""memory_available_mb"": 3200.0, ""os_disk_latency_ms"": 8.5, ""data_disk_latency_ms"": 6.2, ""os_disk_percent_full"": 45.0, ""app_health_status"": ""Healthy"", ""app_error_message"": null, ""nsg_allow_rdp_3389"": true, ""nsg_allow_ssh_22"": true, ""connection_troubleshoot_rdp"": ""Allow"", ""connection_troubleshoot_ssh"": ""Allow"", ""connection_troubleshoot_verdict"": ""Reachable"", ""monitor_agent_status"": ""Healthy"", ""ssl_cert_days_remaining"": 90, ""last_backup_status"": ""Completed"", ""last_backup_time"": ""2024-01-15T02:00:00Z"", ""data_completeness_percent"": 100.0, ""missing_signals"": []}",diagnose,VM healthy - no issues detected,"Low resource utilization, all healthy"
023,Healthy VM - Normal Load,clean,"{""power_state"": ""Running"", ""provisioning_state"": ""Succeeded"", ""resource_health_status"": ""Available"", ""resource_health_annotation"": null, ""heartbeat_present"": true, ""heartbeat_last_received"": ""2024-01-15T10:30:00Z"", ""boot_diagnostics_status"": ""Normal"", ""boot_diagnostics_error"": null, ""azure_vm_agent_status"": ""Healthy"", ""cpu_percent"": 55.0, ""memory_percent"": 60.0, ""memory_available_mb"": 3200.0, ""os_disk_latency_ms"": 8.5, ""data_disk_latency_ms"": 6.2, ""os_disk_percent_full"": 65.0, ""app_health_status"": ""Healthy"", ""app_error_message"": null, ""nsg_allow_rdp_3389"": true, ""nsg_allow_ssh_22"": true, ""connection_troubleshoot_rdp"": ""Allow"", ""connection_troubleshoot_ssh"": ""Allow"", ""connection_troubleshoot_verdict"": ""Reachable"", ""monitor_agent_status"": ""Healthy"", ""ssl_cert_days_remaining"": 90, ""last_backup_status"": ""Completed"", ""last_backup_time"": ""2024-01-15T02:00:00Z"", ""data_completeness_percent"": 100.0, ""missing_signals"": []}",diagnose,VM healthy - normal load,"Moderate resource usage, all healthy"
024,Healthy VM - High Load But Stable,clean,"{""power_state"": ""Running"", ""provisioning_state"": ""Succeeded"", ""resource_health_status"": ""Available"", ""resource_health_annotation"": null, ""heartbeat_present"": true, ""heartbeat_last_received"": ""2024-01-15T10:30:00Z"", ""boot_diagnostics_status"": ""Normal"", ""boot_diagnostics_error"": null, ""azure_vm_agent_status"": ""Healthy"", ""cpu_percent"": 85.0, ""memory_percent"": 80.0, ""memory_available_mb"": 3200.0, ""os_disk_latency_ms"": 8.5, ""data_disk_latency_ms"": 6.2, ""os_disk_percent_full"": 75.0, ""app_health_status"": ""Healthy"", ""app_error_message"": null, ""nsg_allow_rdp_3389"": true, ""nsg_allow_ssh_22"": true, ""connection_troubleshoot_rdp"": ""Allow"", ""connection_troubleshoot_ssh"": ""Allow"", ""connection_troubleshoot_verdict"": ""Reachable"", ""monitor_agent_status"": ""Healthy"", ""ssl_cert_days_remaining"": 90, ""last_backup_status"": ""Completed"", ""last_backup_time"": ""2024-01-15T02:00:00Z"", ""data_completeness_percent"": 100.0, ""missing_signals"": []}",diagnose,VM healthy - high load but stable,High but not critical resource usage
025,Healthy VM - Recently Started,clean,"{""power_state"": ""Running"", ""provisioning_state"": ""Succeeded"", ""resource_health_status"": ""Available"", ""resource_health_annotation"": null, ""heartbeat_present"": true, ""heartbeat_last_received"": ""2024-01-15T10:29:45Z"", ""boot_diagnostics_status"": ""Normal"", ""boot_diagnostics_error"": null, ""azure_vm_agent_status"": ""Healthy"", ""cpu_percent"": 35.0, ""memory_percent"": 42.0, ""memory_available_mb"": 3200.0, ""os_disk_latency_ms"": 8.5, ""data_disk_latency_ms"": 6.2, ""os_disk_percent_full"": 45.0, ""app_health_status"": ""Healthy"", ""app_error_message"": null, ""nsg_allow_rdp_3389"": true, ""nsg_allow_ssh_22"": true, ""connection_troubleshoot_rdp"": ""Allow"", ""connection_troubleshoot_ssh"": ""Allow"", ""connection_troubleshoot_verdict"": ""Reachable"", ""monitor_agent_status"": ""Healthy"", ""ssl_cert_days_remaining"": 90, ""last_backup_status"": ""Completed"", ""last_backup_time"": ""2024-01-15T02:00:00Z"", ""data_completeness_percent"": 100.0, ""missing_signals"": []}",diagnose,VM healthy - recently started,"VM just started, all systems healthy"
026,Missing Telemetry - Low Completeness,missing_telemetry,"{""power_state"": ""Running"", ""provisioning_state"": ""Succeeded"", ""resource_health_status"": ""Unknown"", ""data_completeness_percent"": 10.0, ""missing_signals"": [""heartbeat_present"", ""heartbeat_last_received"", ""boot_diagnostics_status"", ""boot_diagnostics_error"", ""azure_vm_agent_status"", ""cpu_percent"", ""memory_percent"", ""memory_available_mb"", ""os_disk_latency_ms"", ""data_disk_latency_ms"", ""os_disk_percent_full"", ""app_health_status"", ""app_error_message"", ""nsg_allow_rdp_3389"", ""nsg_allow_ssh_22"", ""connection_troubleshoot_rdp"", ""connection_troubleshoot_ssh"", ""connection_troubleshoot_verdict"", ""monitor_agent_status"", ""resource_health_annotation""]}",abstain_request_next_check,Insufficient telemetry data,Only 10% completeness
027,Missing Telemetry - No Metrics,missing_telemetry,"{""power_state"": ""Running"", ""provisioning_state"": ""Succeeded"", ""resource_health_status"": ""Available"", ""data_completeness_percent"": 10.0, ""missing_signals"": [""heartbeat_present"", ""heartbeat_last_received"", ""boot_diagnostics_status"", ""boot_diagnostics_error"", ""azure_vm_agent_status"", ""cpu_percent"", ""memory_percent"", ""memory_available_mb"", ""os_disk_latency_ms"", ""data_disk_latency_ms"", ""os_disk_percent_full"", ""app_health_status"", ""app_error_message"", ""nsg_allow_rdp_3389"", ""nsg_allow_ssh_22"", ""connection_troubleshoot_rdp"", ""connection_troubleshoot_ssh"", ""connection_troubleshoot_verdict"", ""monitor_agent_status"", ""resource_health_annotation""]}",abstain_request_next_check,Missing performance metrics,No performance metrics available
028,Missing Telemetry - No Agent Data,missing_telemetry,"{""power_state"": ""Running"", ""provisioning_state"": ""Succeeded"", ""resource_health_status"": ""Available"", ""data_completeness_percent"": 10.0, ""missing_signals"": [""heartbeat_present"", ""heartbeat_last_received"", ""boot_diagnostics_status"", ""boot_diagnostics_error"", ""azure_vm_agent_status"", ""cpu_percent"", ""memory_percent"", ""memory_available_mb"", ""os_disk_latency_ms"", ""data_disk_latency_ms"", ""os_disk_percent_full"", ""app_health_status"", ""app_error_message"", ""nsg_allow_rdp_3389"", ""nsg_allow_ssh_22"", ""connection_troubleshoot_rdp"", ""connection_troubleshoot_ssh"", ""connection_troubleshoot_verdict"", ""monitor_agent_status"", ""resource_health_annotation""]}",abstain_request_next_check,Missing agent telemetry,No agent status data
029,Missing Telemetry - Critical Signals Unknown,missing_telemetry,"{""power_state"": ""Unknown"", ""provisioning_state"": ""Unknown"", ""resource_health_status"": ""Unknown"", ""data_completeness_percent"": 10.0, ""missing_signals"": [""heartbeat_present"", ""heartbeat_last_received"", ""boot_diagnostics_status"", ""boot_diagnostics_error"", ""azure_vm_agent_status"", ""cpu_percent"", ""memory_percent"", ""memory_available_mb"", ""os_disk_latency_ms"", ""data_disk_latency_ms"", ""os_disk_percent_full"", ""app_health_status"", ""app_error_message"", ""nsg_allow_rdp_3389"", ""nsg_allow_ssh_22"", ""connection_troubleshoot_rdp"", ""connection_troubleshoot_ssh"", ""connection_troubleshoot_verdict"", ""monitor_agent_status"", ""resource_health_annotation""]}",abstain_request_next_check,Critical signals missing,All critical signals unknown
030,Missing Telemetry - Partial Boot Data,missing_telemetry,"{""power_state"": ""Running"", ""provisioning_state"": ""Succeeded"", ""resource_health_status"": ""Degraded"", ""data_completeness_percent"": 10.0, ""missing_signals"": [""heartbeat_present"", ""heartbeat_last_received"", ""boot_diagnostics_status"", ""boot_diagnostics_error"", ""azure_vm_agent_status"", ""cpu_percent"", ""memory_percent"", ""memory_available_mb"", ""os_disk_latency_ms"", ""data_disk_latency_ms"", ""os_disk_percent_full"", ""app_health_status"", ""app_error_message"", ""nsg_allow_rdp_3389"", ""nsg_allow_ssh_22"", ""connection_troubleshoot_rdp"", ""connection_troubleshoot_ssh"", ""connection_troubleshoot_verdict"", ""monitor_agent_status"", ""resource_health_annotation""]}",abstain_request_next_check,Missing boot diagnostics data,Boot diagnostics not available
031,Conflicting Signals - Power vs Metrics,conflicting_signals,"{""power_state"": ""Stopped"", ""provisioning_state"": ""Succeeded"", ""resource_health_status"": ""Available"", ""cpu_percent"": 95.0, ""memory_percent"": 85.0, ""data_completeness_percent"": 10.0, ""missing_signals"": [""heartbeat_present"", ""heartbeat_last_received"", ""boot_diagnostics_status"", ""boot_diagnostics_error"", ""azure_vm_agent_status"", ""memory_available_mb"", ""os_disk_latency_ms"", ""data_disk_latency_ms"", ""os_disk_percent_full"", ""app_health_status"", ""app_error_message"", ""nsg_allow_rdp_3389"", ""nsg_allow_ssh_22"", ""connection_troubleshoot_rdp"", ""connection_troubleshoot_ssh"", ""connection_troubleshoot_verdict"", ""monitor_agent_status"", ""resource_health_annotation""]}",abstain_request_next_check,Conflicting signals: stopped VM with high CPU,Major conflict: stopped VM reporting high CPU
032,Conflicting Signals - Health vs Metrics,conflicting_signals,"{""power_state"": ""Running"", ""provisioning_state"": ""Succeeded"", ""resource_health_status"": ""Unavailable"", ""heartbeat_present"": true, ""heartbeat_last_received"": ""2024-01-15T10:30:00Z"", ""boot_diagnostics_status"": ""Normal"", ""azure_vm_agent_status"": ""Healthy"", ""cpu_percent"": 20.0, ""memory_percent"": 25.0, ""memory_available_mb"": 3200.0, ""os_disk_latency_ms"": 5.0, ""os_disk_percent_full"": 45.0, ""app_health_status"": ""Healthy"", ""nsg_allow_rdp_3389"": true, ""nsg_allow_ssh_22"": true, ""connection_troubleshoot_rdp"": ""Allow"", ""connection_troubleshoot_ssh"": ""Allow"", ""monitor_agent_status"": ""Healthy"", ""ssl_cert_days_remaining"": 90, ""last_backup_status"": ""Completed"", ""last_backup_time"": ""2024-01-15T02:00:00Z"", ""data_completeness_percent"": 72.0, ""missing_signals"": []}",diagnose_low_confidence,Resource health unavailable but all metrics normal,Minor conflict: health unavailable but metrics healthy
033,Conflicting Signals - NSG Mismatch,conflicting_signals,"{""power_state"": ""Running"", ""provisioning_state"": ""Succeeded"", ""resource_health_status"": ""Available"", ""heartbeat_present"": true, ""heartbeat_last_received"": ""2024-01-15T10:30:00Z"", ""boot_diagnostics_status"": ""Normal"", ""azure_vm_agent_status"": ""Healthy"", ""cpu_percent"": 35.0, ""memory_percent"": 42.0, ""memory_available_mb"": 3200.0, ""os_disk_latency_ms"": 8.5, ""os_disk_percent_full"": 45.0, ""app_health_status"": ""Healthy"", ""nsg_allow_rdp_3389"": true, ""nsg_allow_ssh_22"": true, ""connection_troubleshoot_rdp"": ""Allow"", ""connection_troubleshoot_ssh"": ""Deny"", ""monitor_agent_status"": ""Healthy"", ""ssl_cert_days_remaining"": 90, ""last_backup_status"": ""Completed"", ""last_backup_time"": ""2024-01-15T02:00:00Z"", ""data_completeness_percent"": 72.0, ""missing_signals"": []}",diagnose_low_confidence,Conflicting network signals,NSG allows but troubleshoot denies
034,Conflicting Signals - Agent vs Heartbeat,conflicting_signals,"{""power_state"": ""Running"", ""provisioning_state"": ""Succeeded"", ""resource_health_status"": ""Available"", ""heartbeat_present"": false, ""heartbeat_last_received"": ""2024-01-15T10:30:00Z"", ""boot_diagnostics_status"": ""Normal"", ""azure_vm_agent_status"": ""Healthy"", ""cpu_percent"": 35.0, ""memory_percent"": 42.0, ""memory_available_mb"": 3200.0, ""os_disk_latency_ms"": 8.5, ""os_disk_percent_full"": 45.0, ""app_health_status"": ""Healthy"", ""nsg_allow_rdp_3389"": true, ""nsg_allow_ssh_22"": true, ""connection_troubleshoot_rdp"": ""Allow"", ""connection_troubleshoot_ssh"": ""Allow"", ""monitor_agent_status"": ""Healthy"", ""ssl_cert_days_remaining"": 90, ""last_backup_status"": ""Completed"", ""last_backup_time"": ""2024-01-15T02:00:00Z"", ""data_completeness_percent"": 72.0, ""missing_signals"": []}",diagnose_low_confidence,Agent healthy but no heartbeat,Minor conflict: agent reports healthy but no heartbeat
035,Conflicting Signals - App vs VM Health,conflicting_signals,"{""power_state"": ""Running"", ""provisioning_state"": ""Succeeded"", ""resource_health_status"": ""Unavailable"", ""heartbeat_present"": true, ""heartbeat_last_received"": ""2024-01-15T10:30:00Z"", ""boot_diagnostics_status"": ""Normal"", ""azure_vm_agent_status"": ""Degraded"", ""cpu_percent"": 35.0, ""memory_percent"": 42.0, ""memory_available_mb"": 3200.0, ""os_disk_latency_ms"": 8.5, ""os_disk_percent_full"": 45.0, ""app_health_status"": ""Healthy"", ""nsg_allow_rdp_3389"": true, ""nsg_allow_ssh_22"": true, ""connection_troubleshoot_rdp"": ""Allow"", ""connection_troubleshoot_ssh"": ""Allow"", ""monitor_agent_status"": ""Healthy"", ""ssl_cert_days_remaining"": 90, ""last_backup_status"": ""Completed"", ""last_backup_time"": ""2024-01-15T02:00:00Z"", ""data_completeness_percent"": 72.0, ""missing_signals"": []}",diagnose_low_confidence,App healthy but VM degraded,Minor conflict: app healthy but VM infrastructure degraded
036,SSL Certificate Expiring Soon,ssl_cert_expiry_warning,"{""power_state"": ""Running"", ""provisioning_state"": ""Succeeded"", ""resource_health_status"": ""Available"", ""resource_health_annotation"": null, ""heartbeat_present"": true, ""heartbeat_last_received"": ""2024-01-15T10:30:00Z"", ""boot_diagnostics_status"": ""Normal"", ""boot_diagnostics_error"": null, ""azure_vm_agent_status"": ""Healthy"", ""cpu_percent"": 35.0, ""memory_percent"": 42.0, ""memory_available_mb"": 3200.0, ""os_disk_latency_ms"": 8.5, ""data_disk_latency_ms"": 6.2, ""os_disk_percent_full"": 45.0, ""app_health_status"": ""Healthy"", ""app_error_message"": null, ""nsg_allow_rdp_3389"": true, ""nsg_allow_ssh_22"": true, ""connection_troubleshoot_rdp"": ""Allow"", ""connection_troubleshoot_ssh"": ""Allow"", ""connection_troubleshoot_verdict"": ""Reachable"", ""monitor_agent_status"": ""Healthy"", ""ssl_cert_days_remaining"": 5, ""last_backup_status"": ""Completed"", ""last_backup_time"": ""2024-01-15T02:00:00Z"", ""data_completeness_percent"": 96.7, ""missing_signals"": []}",diagnose,SSL certificate expiring in 5 days,SSL cert expiring in 5 days - urgent action needed
037,Azure Backup Job Failed,azure_backup_job_failure,"{""power_state"": ""Running"", ""provisioning_state"": ""Succeeded"", ""resource_health_status"": ""Available"", ""resource_health_annotation"": null, ""heartbeat_present"": true, ""heartbeat_last_received"": ""2024-01-15T10:30:00Z"", ""boot_diagnostics_status"": ""Normal"", ""boot_diagnostics_error"": null, ""azure_vm_agent_status"": ""Healthy"", ""cpu_percent"": 35.0, ""memory_percent"": 42.0, ""memory_available_mb"": 3200.0, ""os_disk_latency_ms"": 8.5, ""data_disk_latency_ms"": 6.2, ""os_disk_percent_full"": 45.0, ""app_health_status"": ""Healthy"", ""app_error_message"": null, ""nsg_allow_rdp_3389"": true, ""nsg_allow_ssh_22"": true, ""connection_troubleshoot_rdp"": ""Allow"", ""connection_troubleshoot_ssh"": ""Allow"", ""connection_troubleshoot_verdict"": ""Reachable"", ""monitor_agent_status"": ""Healthy"", ""ssl_cert_days_remaining"": 90, ""last_backup_status"": ""Failed"", ""last_backup_time"": ""2024-01-15T02:00:00Z"", ""data_completeness_percent"": 96.7, ""missing_signals"": []}",diagnose,Azure VM backup job failed,Backup job failed - check Recovery Services Vault
038,VM Oversized - Rightsize Candidate,vm_oversized_rightsize_candidate,"{""power_state"": ""Running"", ""provisioning_state"": ""Succeeded"", ""resource_health_status"": ""Available"", ""resource_health_annotation"": null, ""heartbeat_present"": true, ""heartbeat_last_received"": ""2024-01-15T10:30:00Z"", ""boot_diagnostics_status"": ""Normal"", ""boot_diagnostics_error"": null, ""azure_vm_agent_status"": ""Healthy"", ""cpu_percent"": 5.0, ""memory_percent"": 15.0, ""memory_available_mb"": 3200.0, ""os_disk_latency_ms"": 8.5, ""data_disk_latency_ms"": 6.2, ""os_disk_percent_full"": 45.0, ""app_health_status"": ""Healthy"", ""app_error_message"": null, ""nsg_allow_rdp_3389"": true, ""nsg_allow_ssh_22"": true, ""connection_troubleshoot_rdp"": ""Allow"", ""connection_troubleshoot_ssh"": ""Allow"", ""connection_troubleshoot_verdict"": ""Reachable"", ""monitor_agent_status"": ""Healthy"", ""ssl_cert_days_remaining"": 90, ""last_backup_status"": ""Completed"", ""last_backup_time"": ""2024-01-15T02:00:00Z"", ""data_completeness_percent"": 96.7, ""missing_signals"": []}",diagnose_low_confidence,"VM over-provisioned. CPU at 5.0%, Memory at 15.0% — rightsize candidate",VM over-provisioned - needs trend analysis before resizing
